0,AFG,Afghanistan,Afghanistan,
1,AHO,Netherlands Antilles,Curacao,Netherlands Antilles
2,ALB,Albania,Albania,
3,ALG,Algeria,Algeria,
4,AND,Andorra,Andorra,
5,ANG,Angola,Angola,
6,ANT,Antigua and Barbuda,Antigua,Antigua and Barbuda
7,ANZ,Australasia,Australia,Australasia
8,ARG,Argentina,Argentina,
9,ARM,Armenia,Armenia,
10,ARU,Aruba,Aruba,
11,ASA,American Samoa,American Samoa,
12,AUS,Australia,Australia,
13,AUT,Austria,Austria,
14,AZE,Azerbaijan,Azerbaijan,
15,BAH,Bahamas,Bahamas,
16,BAN,Bangladesh,Bangladesh,
17,BAR,Barbados,Barbados,
18,BDI,Burundi,Burundi,
19,BEL,Belgium,Belgium,
20,BEN,Benin,Benin,
21,BER,Bermuda,Bermuda,
22,BHU,Bhutan,Bhutan,
23,BIH,Bosnia and Herzegovina,Bosnia and Herzegovina,
24,BIZ,Belize,Belize,
25,BLR,Belarus,Belarus,
26,BOH,Bohemia,Czech Republic,Bohemia
27,BOL,Bolivia,Boliva,
28,BOT,Botswana,Botswana,
29,BRA,Brazil,Brazil,
30,BRN,Bahrain,Bahrain,
31,BRU,Brunei,Brunei,
32,BUL,Bulgaria,Bulgaria,
33,BUR,Burkina Faso,Burkina Faso,
34,CAF,Central African Republic,Central African Republic,
35,CAM,GyoshuII,Cambodia,
36,CAN,Canada,Canada,
37,CAY,Cayman Islands,Cayman Islands,
38,CGO,Congo (Brazzaville),Republic of Congo,
39,CHA,Chad,Chad,
40,CHI,Chile,Chile,
41,CHN,China,China,
42,CIV,Cote d'Ivoire,Ivory Coast,
43,CMR,Cameroon,Cameroon,
44,COD,Congo (Kinshasa),Democratic Republic of the Congo,
45,COK,Cook Islands,Cook Islands,
46,COL,Colombia,Colombia,
47,COM,Comoros,Comoros,
48,CPV,Cape Verde,Cape Verde,
49,CRC,Costa Rica,Costa Rica,
50,CRO,Croatia,Croatia,
51,CRT,Crete,Greece,Crete
52,CUB,Cuba,Cuba,
53,CYP,Cyprus,Cyprus,
54,CZE,Czech Republic,Czech Republic,
55,DEN,Denmark,Denmark,
56,DJI,Djibouti,Djibouti,
57,DMA,Dominica,Dominica,
58,DOM,Dominican Republic,Dominican Republic,
59,ECU,Ecuador,Ecuador,
60,EGY,Egypt,Egypt,
61,ERI,Eritrea,Eritrea,
62,ESA,El Salvador,El Salvador,
63,ESP,Spain,Spain,
64,EST,Estonia,Estonia,
65,ETH,Ethiopia,Ethiopia,
66,EUN,Unified Team,Russia,
67,FIJ,Fiji,Fiji,
68,FIN,Finland,Finland,
69,FRA,France,France,
70,FRG,West Germany,Germany,
71,FSM,Federated States of Micronesia,Micronesia,
72,GAB,Gabon,Gabon,
73,GAM,Gambia,Gambia,
74,GBR,Great Britain,UK,
75,GBS,Guinea Bissau,Guinea-Bissau,
76,GDR,East Germany,Germany,
77,GEO,Georgia,Georgia,
78,GEQ,Equatorial Guinea,Equatorial Guinea,
79,GER,Germany,Germany,
80,GHA,Ghana,Ghana,
81,GRE,Greece,Greece,
82,GRN,Grenada,Grenada,
83,GUA,Guatemala,Guatemala,
84,GUI,Guinea,Guinea,
85,GUM,Guam,Guam,
86,GUY,Guyana,Guyana,
87,HAI,Haiti,Haiti,
88,HKG,Hong Kong,China,Hong Kong
89,HON,Honduras,Honduras,
90,HUN,Hungary,Hungary,
91,INA,Indonesia,Indonesia,
92,IND,India,India,
93,IOA,Individual Olympic Athletes,Individual Olympic Athletes,Individual Olympic Athletes
94,IRI,Iran,Iran,
95,IRL,Ireland,Ireland,
96,IRQ,Iraq,Iraq,
97,ISL,Iceland,Iceland,
98,ISR,Israel,Israel,
99,ISV,United States Virgin Islands,"Virgin Islands, US",Virgin Islands
100,ITA,Italy,Italy,
101,IVB,British Virgin Islands,"Virgin Islands, British",
102,JAM,Jamaica,Jamaica,
103,JOR,Jordan,Jordan,
104,JPN,Japan,Japan,
105,KAZ,Kazakhstan,Kazakhstan,
106,KEN,Kenya,Kenya,
107,KGZ,Kyrgyzstan,Kyrgyzstan,
108,KIR,Kiribati,Kiribati,
109,KOR,South Korea,South Korea,
110,KOS,Kosovo,Kosovo,
111,KSA,Saudi Arabia,Saudi Arabia,
112,KUW,Kuwait,Kuwait,
113,LAO,Laos,Laos,
114,LAT,Latvia,Latvia,
115,LBA,Libya,Libya,
116,LBR,Liberia,Liberia,
117,LCA,Saint Lucia,Saint Lucia,
118,LES,Lesotho,Lesotho,
119,LIB,Lebanon,Lebanon,
120,LIE,Liechtenstein,Liechtenstein,
121,LTU,Lithuania,Lithuania,
122,LUX,Luxembourg,Luxembourg,
123,MAD,Madagascar,Madagascar,
124,MAL,Malaya,Malaysia,
125,MAR,Morocco,Morocco,
126,MAS,Malaysia,Malaysia,
127,MAW,Malawi,Malawi,
128,MDA,Moldova,Moldova,
129,MDV,Maldives,Maldives,
130,MEX,Mexico,Mexico,
131,MGL,Mongolia,Mongolia,
132,MHL,Marshall Islands,Marshall Islands,
133,MKD,Macedonia,Macedonia,
134,MLI,Mali,Mali,
135,MLT,Malta,Malta,
136,MNE,Montenegro,Montenegro,
137,MON,Monaco,Monaco,
138,MOZ,Mozambique,Mozambique,
139,MRI,Mauritius,Mauritius,
140,MTN,Mauritania,Mauritania,
141,MYA,Myanmar,Myanmar,
142,NAM,Namibia,Namibia,
143,NBO,North Borneo,Malaysia,North Borneo
144,NCA,Nicaragua,Nicaragua,
145,NED,Netherlands,Netherlands,
146,NEP,Nepal,Nepal,
147,NFL,Newfoundland,Canada,Newfoundland
148,NGR,Nigeria,Nigeria,
149,NIG,Niger,Niger,
150,NOR,Norway,Norway,
151,NRU,Nauru,Nauru,
152,NZL,New Zealand,New Zealand,
153,OMA,Oman,Oman,
154,PAK,Pakistan,Pakistan,
155,PAN,Panama,Panama,
156,PAR,Paraguay,Paraguay,
157,PER,Peru,Peru,
158,PHI,Philippines,Philippines,
159,PLE,Palestine,Palestine,
160,PLW,Palau,Palau,
161,PNG,Papua New Guinea,Papua New Guinea,
162,POL,Poland,Poland,
163,POR,Portugal,Portugal,
164,PRK,North Korea,North Korea,
165,PUR,Puerto Rico,Puerto Rico,
166,QAT,Qatar,Qatar,
167,RHO,Rhodesia,Zimbabwe,
168,ROT,Refugee Olympic Athletes,NA,Refugee Olympic Team
169,ROU,Romania,Romania,
170,RSA,South Africa,South Africa,
171,RUS,Russia,Russia,
172,RWA,Rwanda,Rwanda,
173,SAA,Saar,Germany,
174,SAM,Samoa,Samoa,
175,SCG,Serbia and Montenegro,Serbia,Serbia and Montenegro
176,SEN,Senegal,Senegal,
177,SEY,Seychelles,Seychelles,
178,SIN,,Singapore,
179,SKN,Saint Kitts and Nevis,Saint Kitts,Turks and Caicos Islands
180,SLE,Sierra Leone,Sierra Leone,
181,SLO,Slovenia,Slovenia,
182,SMR,San Marino,San Marino,
183,SOL,Solomon Islands,Solomon Islands,
184,SOM,Somalia,Somalia,
185,SRB,Serbia,Serbia,
186,SRI,Sri Lanka,Sri Lanka,
187,SSD,South Sudan,South Sudan,
188,STP,Sao Tome and Principe,Sao Tome and Principe,
189,SUD,Sudan,Sudan,
190,SUI,Switzerland,Switzerland,
191,SUR,Suriname,Suriname,
192,SVK,Slovakia,Slovakia,
193,SWE,Sweden,Sweden,
194,SWZ,Swaziland,Swaziland,
195,SYR,Syria,Syria,
196,TAN,Tanzania,Tanzania,
197,TCH,Czechoslovakia,Czech Republic,
198,TGA,Tonga,Tonga,
199,THA,Thailand,Thailand,
200,TJK,Tajikistan,Tajikistan,
201,TKM,Turkmenistan,Turkmenistan,
202,TLS,Timor Leste,Timor-Leste,
203,TOG,Togo,Togo,
204,TPE,Chinese Taipei-1,Taiwan,
205,TTO,Trinidad and Tobago,Trinidad,Trinidad and Tobago
206,TUN,Tunisia,Tunisia,
207,TUR,Turkey,Turkey,
208,TUV,Tuvalu,NA,Tuvalu
209,UAE,United Arab Emirates,United Arab Emirates,
210,UAR,United Arab Republic,Syria,United Arab Republic
211,UGA,Uganda,Uganda,
212,UKR,Ukraine,Ukraine,
213,UNK,Unknown,NA,Unknown
214,URS,Soviet Union,Russia,
215,URU,Uruguay,Uruguay,
216,USA,United States,USA,
217,UZB,Uzbekistan,Uzbekistan,
218,VAN,Vanuatu,Vanuatu,
219,VEN,Venezuela,Venezuela,
220,VIE,Vietnam,Vietnam,
221,VIN,Saint Vincent and the Grenadines,Saint Vincent,
222,VNM,South Vietnam,Vietnam,
223,WIF,Circus,Trinidad,West Indies Federation
224,YAR,North Yemen,Yemen,North Yemen
225,YEM,Yemen,Yemen,
226,YMD,South Yemen,Yemen,South Yemen
227,YUG,Yugoslavia,Serbia,Yugoslavia
228,ZAM,Zambia,Zambia,
229,ZIM,Zimbabwe,Zimbabwe,
